{
  "n1": {
    "x": 62.1517,
    "y": 75.44,
    "demand": 1767.0737500000005
  },
  "n2": {
    "x": 47.6078,
    "y": 71.464,
    "demand": 1193.292299
  },
  "n3": {
    "x": 51.5838,
    "y": 70.6269,
    "demand": 274.486406
  },
  "n4": {
    "x": 46.98,
    "y": 68.1157,
    "demand": 0.0
  },
  "n5": {
    "x": 36.2028,
    "y": 65.7092,
    "demand": 0.0
  },
  "n6": {
    "x": 49.1773,
    "y": 64.7675,
    "demand": 2881.592295000001
  },
  "n7": {
    "x": 57.4432,
    "y": 64.7675,
    "demand": 724.768919
  },
  "n8": {
    "x": 47.1892,
    "y": 63.4073,
    "demand": 0.0
  },
  "n9": {
    "x": 59.4312,
    "y": 61.6285,
    "demand": 0.0
  },
  "n10": {
    "x": 40.702,
    "y": 59.6405,
    "demand": 842.0604089999999
  },
  "n11": {
    "x": 42.4808,
    "y": 60.2683,
    "demand": 0.0
  },
  "n12": {
    "x": 61.8378,
    "y": 57.4432,
    "demand": 450.867381
  },
  "n13": {
    "x": 57.234,
    "y": 56.9201,
    "demand": 553.804997
  },
  "n14": {
    "x": 56.5015,
    "y": 54.5135,
    "demand": 553.804997
  },
  "n15": {
    "x": 62.7795,
    "y": 52.7348,
    "demand": 0.0
  },
  "n16": {
    "x": 50.5375,
    "y": 53.3626,
    "demand": 1012.030317
  },
  "n17": {
    "x": 51.7931,
    "y": 53.3626,
    "demand": 1012.030317
  },
  "n18": {
    "x": 46.0383,
    "y": 52.0023,
    "demand": 1012.030317
  },
  "n19": {
    "x": 47.6078,
    "y": 52.3162,
    "demand": 0.0
  },
  "n20": {
    "x": 32.8546,
    "y": 54.5135,
    "demand": 506.145153
  },
  "n21": {
    "x": 44.6781,
    "y": 48.6541,
    "demand": 2850.1792970000024
  },
  "n22": {
    "x": 52.7348,
    "y": 46.0383,
    "demand": 2297.123310000001
  },
  "n23": {
    "x": 43.841,
    "y": 45.0966,
    "demand": 1506.2869619999992
  },
  "n24": {
    "x": 44.0503,
    "y": 43.5271,
    "demand": 1506.2869619999992
  },
  "n25": {
    "x": 46.0383,
    "y": 43.9456,
    "demand": 1506.2869619999992
  },
  "n26": {
    "x": 45.0966,
    "y": 42.69,
    "demand": 1506.2869619999992
  },
  "n27": {
    "x": 43.5271,
    "y": 41.1206,
    "demand": 0.0
  },
  "n28": {
    "x": 46.0383,
    "y": 41.5391,
    "demand": 0.0
  },
  "n29": {
    "x": 54.5135,
    "y": 39.9696,
    "demand": 538.7669940000002
  },
  "n30": {
    "x": 29.0878,
    "y": 44.8873,
    "demand": 3427.9383200000007
  },
  "n31": {
    "x": 30.1341,
    "y": 43.1086,
    "demand": 3427.9383200000007
  },
  "n32": {
    "x": 29.7156,
    "y": 39.9696,
    "demand": 3427.9383200000007
  },
  "n33": {
    "x": 34.6333,
    "y": 40.3881,
    "demand": 3427.9383200000007
  },
  "n34": {
    "x": 30.1341,
    "y": 38.4001,
    "demand": 0.0
  },
  "n35": {
    "x": 33.7963,
    "y": 31.4944,
    "demand": 1880.065010000001
  },
  "n36": {
    "x": 36.4121,
    "y": 27.7276,
    "demand": 944.9613680000001
  },
  "n37": {
    "x": 48.2356,
    "y": 35.7843,
    "demand": 982.2002400000001
  },
  "n38": {
    "x": 50.0143,
    "y": 34.6333,
    "demand": 982.2002400000001
  },
  "n39": {
    "x": 52.3162,
    "y": 34.6333,
    "demand": 982.2002400000001
  },
  "n40": {
    "x": 54.095,
    "y": 34.6333,
    "demand": 982.2002400000001
  },
  "n41": {
    "x": 55.4552,
    "y": 36.2028,
    "demand": 0.0
  },
  "n42": {
    "x": 46.4568,
    "y": 30.1341,
    "demand": 1854.936597
  },
  "n43": {
    "x": 43.1086,
    "y": 26.5766,
    "demand": 618.5676510000001
  },
  "n44": {
    "x": 42.0622,
    "y": 24.1701,
    "demand": 618.5676510000001
  },
  "n45": {
    "x": 45.6198,
    "y": 24.5886,
    "demand": 618.5676510000001
  },
  "n46": {
    "x": 44.4688,
    "y": 23.4377,
    "demand": 618.5676510000001
  },
  "n47": {
    "x": 46.2475,
    "y": 22.1821,
    "demand": 0.0
  },
  "n48": {
    "x": 54.7228,
    "y": 15.9041,
    "demand": 1246.051131
  },
  "n49": {
    "x": 69.8945,
    "y": 21.0311,
    "demand": 277.90779599999996
  },
  "n50": {
    "x": 76.8002,
    "y": 7.2196,
    "demand": 963.0724599999999
  },
  "n51": {
    "x": 68.8482,
    "y": 8.4752,
    "demand": 963.0724599999999
  },
  "n52": {
    "x": 58.8034,
    "y": 0.0,
    "demand": 599.572438
  },
  "n53": {
    "x": 50.5375,
    "y": 1.7788,
    "demand": 869.2458359999999
  },
  "n54": {
    "x": 39.7603,
    "y": 12.5559,
    "demand": 1478.0301249999998
  },
  "n55": {
    "x": 9.8355,
    "y": 63.4073,
    "demand": 136.826753
  },
  "n56": {
    "x": 3.8714,
    "y": 57.6525,
    "demand": 136.826753
  },
  "n57": {
    "x": 13.7069,
    "y": 56.5015,
    "demand": 825.7364160000003
  },
  "n58": {
    "x": 22.8099,
    "y": 54.3042,
    "demand": 828.3401189999998
  },
  "n59": {
    "x": 19.4616,
    "y": 47.2939,
    "demand": 2141.1910400000006
  },
  "n60": {
    "x": 20.8219,
    "y": 37.2492,
    "demand": 2141.1910400000006
  },
  "n61": {
    "x": 0.0,
    "y": 38.9233,
    "demand": 355.5126289999999
  },
  "n62": {
    "x": 3.5575,
    "y": 30.8666,
    "demand": 222.773741
  },
  "n63": {
    "x": 6.2779,
    "y": 30.5527,
    "demand": 222.773741
  },
  "n64": {
    "x": 3.139,
    "y": 29.0878,
    "demand": 222.773741
  },
  "n65": {
    "x": 5.6502,
    "y": 28.7739,
    "demand": 222.773741
  },
  "n66": {
    "x": 3.139,
    "y": 23.8562,
    "demand": 222.773741
  },
  "n67": {
    "x": 15.9041,
    "y": 25.7396,
    "demand": 504.36232899999993
  },
  "n68": {
    "x": 16.5319,
    "y": 23.0191,
    "demand": 0.0
  },
  "n69": {
    "x": 25.7396,
    "y": 25.9488,
    "demand": 1705.5745760000004
  },
  "n70": {
    "x": 29.0878,
    "y": 23.0191,
    "demand": 0.0
  },
  "n71": {
    "x": 31.9129,
    "y": 29.9249,
    "demand": 0.0
  },
  "n72": {
    "x": 20.2987,
    "y": 44.2595,
    "demand": 0.0
  },
  "n73": {
    "x": 77.3234,
    "y": 16.7412,
    "demand": 0.0
  },
  "n74": {
    "x": 50.3282,
    "y": 19.8802,
    "demand": 0.0
  }
}